id,fname,username,password,description
1,admin,admin,21232f297a57a5a743894a0e4a801fc3 (admin),All hail the admin!!
2,bobby,bob,5f4dcc3b5aa765d61d8327deb882cf99 (password),Sup! I love swimming!
3,ramesh,ramesh,9aeaed51f2b0f6680c4ed4b07fb1a83c (troll),I love 5 star!
4,suresh,suresh,9aeaed51f2b0f6680c4ed4b07fb1a83c (troll),I love 5 star toooo!
5,alice,alice,c93239cae450631e9f55d71aed99e918 (alice1),In wonderland right now :O
6,voldemort,voldemort,856936b417f82c06139c74fa73b1abbe (horcrux),How dare you! Avada kedavra!
7,frodo,frodo,f0f8820ee817181d9c6852a097d70d8d (frodo),Need to go to Mordor. Like right now!
8,hodor,hodor,a55287e9d0b40429e5a944d10132c93e (hodor),Hodor
65,rambo,rhombus,e52848c0eb863d96bc124737116f23a4 (rhombus),Im the rambo!! Bwahahaha!

